<?xml version="1.0" encoding="UTF-8"?>
<project-private xmlns="http://www.netbeans.org/ns/project-private/1">
    <editor-bookmarks xmlns="http://www.netbeans.org/ns/editor-bookmarks/2" lastBookmarkId="0"/>
    <open-files xmlns="http://www.netbeans.org/ns/projectui-open-files/2">
        <group>
            <file>file:/home/diego/UPS/56/ProgramacionAplicada/Parqueadero/src/interfaz/EmpresaVista.java</file>
            <file>file:/home/diego/UPS/56/ProgramacionAplicada/Parqueadero/src/interfaz/Principal.java</file>
            <file>file:/home/diego/UPS/56/ProgramacionAplicada/Parqueadero/src/archivo/EmpresaArchivo.txt</file>
            <file>file:/home/diego/UPS/56/ProgramacionAplicada/Parqueadero/src/modelo/Empresa.java</file>
            <file>file:/home/diego/UPS/56/ProgramacionAplicada/Parqueadero/src/interfaz/ClienteVista.java</file>
            <file>file:/home/diego/UPS/56/ProgramacionAplicada/Parqueadero/src/archivo/ArchivoTexto.java</file>
            <file>file:/home/diego/UPS/56/ProgramacionAplicada/Parqueadero/src/modelo/Vehiculo.java</file>
            <file>file:/home/diego/UPS/56/ProgramacionAplicada/Parqueadero/src/modelo/Cliente.java</file>
            <file>file:/home/diego/UPS/56/ProgramacionAplicada/Parqueadero/src/modelo/Servicio.java</file>
            <file>file:/home/diego/UPS/56/ProgramacionAplicada/Parqueadero/src/archivo/ArchivoObjeto.java</file>
        </group>
    </open-files>
</project-private>
